Query_ID	Target_ID	Optimal_offset	p-value	E-value	q-value	Overlap	Query_consensus	Target_consensus	Orientation
2917_15227_3.3281_2.3117	MA0163.1	-16	8.21037e-06	0.00830068	0.016561	14	GGGGTCGGGGGGTCTGGGGGGCCCGGGGGGCCCGGGGCCCCCCGCCCCCCCCGCCC	GGGGCCCAAGGGGG	+
2917_15227_3.3281_2.3117	MA1548.1	-15	4.71036e-05	0.0476218	0.047506	10	GGGGTCGGGGGGTCTGGGGGGCCCGGGGGGCCCGGGGCCCCCCGCCCCCCCCGCCC	AGGGGGCCCA	-
2917_15227_3.3281_2.3117	MA0112.2	-18	8.48617e-05	0.0857952	0.0570578	20	GGGGTCGGGGGGTCTGGGGGGCCCGGGGGGCCCGGGGCCCCCCGCCCCCCCCGCCC	AGGTCAGGGTGACCTGGGCC	-
2917_15227_3.3281_2.3117	MA0112.1	-17	0.000188031	0.190099	0.0948185	18	GGGGTCGGGGGGTCTGGGGGGCCCGGGGGGCCCGGGGCCCCCCGCCCCCCCCGCCC	GGGGTCACGGTGACCTGG	-
2917_15227_3.3281_2.3117	MA0068.1	-26	0.000656357	0.663577	0.244978	30	GGGGTCGGGGGGTCTGGGGGGCCCGGGGGGCCCGGGGCCCCCCGCCCCCCCCGCCC	GAAAAATTTCCCATACTCCACTCCCCCCCC	+
2917_15227_3.3281_2.3117	MA0073.1	-8	0.000916583	0.926666	0.264118	20	GGGGTCGGGGGGTCTGGGGGGCCCGGGGGGCCCGGGGCCCCCCGCCCCCCCCGCCC	TGGGGGGGGGTGGTTTGGGG	-
2917_15227_3.3281_2.3117	MA0494.1	-13	0.00118257	1.19558	0.298169	19	GGGGTCGGGGGGTCTGGGGGGCCCGGGGGGCCCGGGGCCCCCCGCCCCCCCCGCCC	CAGAGGTTACTTTAGGTCA	-
2917_15227_3.3281_2.3117	MA1615.1	-13	0.0016284	1.64631	0.364958	13	GGGGTCGGGGGGTCTGGGGGGCCCGGGGGGCCCGGGGCCCCCCGCCCCCCCCGCCC	CCCTGGGGCCAGG	+

# Tomtom (Motif Comparison Tool): Version 5.1.0 compiled on Oct  9 2020 at 08:11:46
# The format of this file is described at http://meme-suite.org//doc/tomtom-output-format.html.
# tomtom -no-ssc -o result/x2917/x2917.out result/x2917/x2917.meme ../../JASPAR2020.txt
